calibrated_parameter,calibrated_value,model_error
convergence,0.020340927160939312,1522928.0781733824
conv_part,0.45786314587071014,1522928.0781733824
deform_part,0.5395446231748294,1522928.0781733824
