calibrated_parameter,calibrated_value,model_error
convergence,0.014174592287761016,4612145.781585084
conv_part,0.6095821372927568,4612145.781585084
deform_part,0.4742717118410138,4612145.781585084
