calibrated_parameter,calibrated_value,model_error
convergence,0.01749226325217662,2478749.6111953966
conv_part,0.5991465303768427,2478749.6111953966
deform_part,0.4497755101224785,2478749.6111953966
