,distance,elevation,age,thermochronometer,resetting_temp,surface_T,resetting_depth,modelled_age,R2 for all samples combined,L,alpha,beta,vd,vc,geothermal_gradient
0,25,500,20,AHe,70.0,7.0,2100.0,15.3558940297758,0.44856718710449106,200000.0,0.05,-0.1,-0.001,-0.001,0.03
1,50,1000,15,AHe,70.0,4.0,2200.0,12.661417858342451,0.44856718710449106,200000.0,0.05,-0.1,-0.001,-0.001,0.03
2,100,1500,10,AHe,70.0,1.0,2300.0,9.268594538697046,0.44856718710449106,200000.0,0.05,-0.1,-0.001,-0.001,0.03
